{"cameraMode":{"drawMode":0,"name":"Shaded","section":"Shading Mode"},"sceneLighting":true,"audioPlay":false,"sceneViewState":{"m_AlwaysRefresh":false,"showFog":true,"showSkybox":false,"showFlares":true,"showImageEffects":true,"showParticleSystems":true,"showVisualEffectGraphs":true,"m_FxEnabled":true},"in2DMode":false,"pivot":{"x":-58.83000183105469,"y":2.2697672843933107,"z":-93.33250427246094},"rotation":{"x":0.2979677617549896,"y":0.0008521659183315933,"z":-0.00026135987718589604,"w":0.9545838236808777},"size":4.383752822875977,"orthographic":false}