{"cameraMode":{"drawMode":0,"name":"Shaded","section":"Shading Mode"},"sceneLighting":false,"audioPlay":false,"sceneViewState":{"m_AlwaysRefresh":false,"showFog":true,"showSkybox":false,"showFlares":true,"showImageEffects":true,"showParticleSystems":true,"showVisualEffectGraphs":true,"m_FxEnabled":true},"in2DMode":false,"pivot":{"x":0.014443397521972657,"y":-0.19248145818710328,"z":0.3978884220123291},"rotation":{"x":0.13043515384197236,"y":-0.6923925280570984,"z":0.1294385939836502,"w":0.6977409720420837},"size":3.42505145072937,"orthographic":false}