{"cameraMode":{"drawMode":0,"name":"Shaded","section":"Shading Mode"},"sceneLighting":false,"audioPlay":false,"sceneViewState":{"m_AlwaysRefresh":false,"showFog":true,"showSkybox":false,"showFlares":true,"showImageEffects":true,"showParticleSystems":true,"showVisualEffectGraphs":true,"m_FxEnabled":true},"in2DMode":false,"pivot":{"x":-0.4781864881515503,"y":-0.29482555389404299,"z":-0.7686111927032471},"rotation":{"x":0.13043515384197236,"y":-0.6923925280570984,"z":0.1294385939836502,"w":0.6977409720420837},"size":2.1361618041992189,"orthographic":false}